{"r_smH_PTH_0_5": {"bestfit": 0.33412264620195664, "Up01Sigma": 0.5069189624699313, "Down01Sigma": 0.5786890223029688, "Up01SigmaExp": 0.4355805039078713, "Down01SigmaExp": 0.4318236110264062, "merged": false}, "r_smH_PTH_5_10": {"bestfit": 0.6253259855545839, "Up01Sigma": 0.4327162409277463, "Down01Sigma": 0.30972622723208765, "Up01SigmaExp": 0.3189010239469625, "Down01SigmaExp": 0.31617081893736865, "merged": false}, "r_smH_PTH_10_15": {"bestfit": 1.336824461492702, "Up01Sigma": 0.2905001339690385, "Down01Sigma": 0.30904595363424514, "Up01SigmaExp": 0.3072216319777774, "Down01SigmaExp": 0.3008326252846678, "merged": false}, "r_smH_PTH_15_20": {"bestfit": 1.366042048630507, "Up01Sigma": 0.3578988145450781, "Down01Sigma": 0.31386894549215416, "Up01SigmaExp": 0.3208464993729603, "Down01SigmaExp": 0.3721580050203346, "merged": false}, "r_smH_PTH_20_25": {"bestfit": 0.3545812003876203, "Up01Sigma": 0.33052156119737774, "Down01Sigma": 0.3214873618662305, "Up01SigmaExp": 0.3372538870833106, "Down01SigmaExp": 0.3360669835881218, "merged": false}, "r_smH_PTH_25_30": {"bestfit": 1.04699388788662, "Up01Sigma": 0.36209384811071765, "Down01Sigma": 0.33613564742668633, "Up01SigmaExp": 0.34968204186351004, "Down01SigmaExp": 0.3411579167616998, "merged": false}, "r_smH_PTH_30_35": {"bestfit": 0.5043403020036927, "Up01Sigma": 0.36962071270004127, "Down01Sigma": 0.3719258558518541, "Up01SigmaExp": 0.382735505865887, "Down01SigmaExp": 0.3777393941836602, "merged": false}, "r_smH_PTH_35_45": {"bestfit": 0.9593440238751116, "Up01Sigma": 0.2701706011129339, "Down01Sigma": 0.2684288559664425, "Up01SigmaExp": 0.26843637230855233, "Down01SigmaExp": 0.27453110540781345, "merged": false}, "r_smH_PTH_45_60": {"bestfit": 0.9140470039544115, "Up01Sigma": 0.23456242574331077, "Down01Sigma": 0.26764886326895887, "Up01SigmaExp": 0.24380240279683907, "Down01SigmaExp": 0.24255664458288062, "merged": false}, "r_smH_PTH_60_80": {"bestfit": 1.1808949125008597, "Up01Sigma": 0.2387212787430557, "Down01Sigma": 0.233591109090298, "Up01SigmaExp": 0.2377272879371679, "Down01SigmaExp": 0.233954046522711, "merged": false}, "r_smH_PTH_80_100": {"bestfit": 1.4701911112821597, "Up01Sigma": 0.2941153693404246, "Down01Sigma": 0.25970322008693314, "Up01SigmaExp": 0.26122339955266694, "Down01SigmaExp": 0.2566033041292466, "merged": false}, "r_smH_PTH_100_120": {"bestfit": 0.5924390249675804, "Up01Sigma": 0.3053199641432158, "Down01Sigma": 0.2712577469264754, "Up01SigmaExp": 0.2817146508043138, "Down01SigmaExp": 0.2752471711528448, "merged": false}, "r_smH_PTH_120_140": {"bestfit": 1.3675297651327405, "Up01Sigma": 0.3238317414972234, "Down01Sigma": 0.31209022510267004, "Up01SigmaExp": 0.31831247675926555, "Down01SigmaExp": 0.305675060756774, "merged": false}, "r_smH_PTH_140_170": {"bestfit": 1.2953640708013068, "Up01Sigma": 0.30288273132181187, "Down01Sigma": 0.2931880512578049, "Up01SigmaExp": 0.29810895968827067, "Down01SigmaExp": 0.288057881605047, "merged": false}, "r_smH_PTH_170_200": {"bestfit": 0.7648674198508212, "Up01Sigma": 0.3501427934557364, "Down01Sigma": 0.2990899979907572, "Up01SigmaExp": 0.34336823842216146, "Down01SigmaExp": 0.3277880864811855, "merged": false}, "r_smH_PTH_200_250": {"bestfit": 1.4086757529659502, "Up01Sigma": 0.283892275398792, "Down01Sigma": 0.27502156139756107, "Up01SigmaExp": 0.27885682999272765, "Down01SigmaExp": 0.26543310330936354, "merged": false}, "r_smH_PTH_250_350": {"bestfit": 1.3065660856071375, "Up01Sigma": 0.32065358668365995, "Down01Sigma": 0.30146040895154447, "Up01SigmaExp": 0.307175856085401, "Down01SigmaExp": 0.28806115131164534, "merged": false}, "r_smH_PTH_350_450": {"bestfit": 0.5659775410885488, "Up01Sigma": 0.44487954947348207, "Down01Sigma": 0.3828630244232213, "Up01SigmaExp": 0.4826806274566142, "Down01SigmaExp": 0.42888741450111834, "merged": false}, "r_smH_PTH_GT450": {"bestfit": 0.40974442040781067, "Up01Sigma": 0.5885733453496782, "Down01Sigma": 0.4693565730684762, "Up01SigmaExp": 0.6996420087878765, "Down01SigmaExp": 0.5834627939365102, "merged": false}}